"V1","V2","V3","V4","V5","V6","V7"
1.64846608590821,1,-0.115849872189161,1.20603508777432,-0.205626799449954,0.878440731979304,40
3.4701069888652,0,-0.185371957057978,1.17546514367106,0.518441649403318,0.852513515149624,40
-0.271661392865846,0,-1.0354427064488,0.775838644238561,-0.53622184951772,-1.02288654348979,40
4.34743725276595,0,-0.151323798750134,1.54054662343292,-0.386174455374783,0.818633669481282,40
2.49085735046534,1,0.319724226146307,-0.221659799492879,0.677001915425067,2.38290388686171,40
4.23700400822807,1,0.0772183440730332,1.79575885531498,0.589883582087176,1.38315844652976,40
0.303666424975565,0,-0.0897420465485173,0.32531716949875,-0.178307040750729,-1.94312132450133,40
-1.60406635339248,0,0.684867347191205,-0.87267667872501,-0.503383277498985,-0.743969565749394,40
2.72681125207665,1,1.11303581403848,-0.268970724262994,0.355977741879181,0.870337558616041,40
-0.588109871423564,0,-0.0815094110122959,1.47119283750102,-0.854705057782807,-0.0621403422899285,40
5.79563870073258,1,0.990469052488023,2.57187688619134,-0.977425562883493,1.62630156581026,40
1.52256491309416,1,1.71818671421581,0.570039785440869,-1.37290581864958,-1.14238254431587,40
3.20135634103314,1,-0.780994986205874,1.48377823997506,0.396158665340698,0.841292444773908,40
-2.78303058470889,0,0.713885334072614,-1.62439428677206,-2.02843885821323,-0.206122922703698,40
4.95544682258468,1,1.05765997592075,1.92717696057201,1.26284114788434,0.132983237965703,40
1.51275890204845,1,0.736916558162306,1.37817906054608,-1.71854372907411,0.338265854639803,40
0.643643408727699,0,-0.73042387868813,0.165179692907393,0.0590592548634406,-0.941294925121595,40
1.72714046226913,0,1.42112780276557,-0.367242530159075,0.601659678670125,-1.08464504605488,40
-1.87715068427716,0,-1.4243231973918,-1.31236582763385,0.631374003810002,0.315240619690823,40
3.56899051030683,1,0.674303895982154,0.869344888068788,-0.166599295061592,0.364436285825921,40
4.19630811907732,1,2.89693960102708,0.11420997511021,-0.424734080482885,0.583276762396545,40
1.33443868922014,1,1.41398710577507,0.132478992290385,-0.792786214765789,-0.276367161440916,40
-4.0054398538054,0,0.110679725887379,-1.91335935741018,-1.72138057749347,-0.795325618760655,40
-0.149814182887459,0,-0.147513577823774,0.710861738330752,-1.04303316885707,-0.447351467835931,40
-1.62855584790655,0,-1.71439187534725,-0.806697266806534,0.90959640226155,-0.388305078951053,40
3.49735793266996,0,-0.42656887681936,-0.120589398036321,1.27402578761011,0.0138295182101108,40
-1.06604959695692,0,0.477847182066231,-0.384791191992236,-1.75047445359101,-0.121824401491534,40
1.44367018249156,1,-0.638345997672531,1.97257357246752,-0.458278407959679,-1.16599805727069,40
3.10996353370267,0,1.77136261027648,-0.221749001470338,-0.0482159993594026,0.327319283214449,40
3.65654039979944,1,-0.407641469625301,0.815676437970018,0.839326691084549,1.99021547784812,40
1.29816782205095,1,-2.48442895620841,1.09750375387564,0.661891867860671,1.10892511261807,40
0.604581973732736,0,-0.498798090646554,1.06316438841885,0.140676305982131,-1.84553833093631,40
1.68417954675447,0,0.265148635310505,-1.56445761318522,1.18125467766467,0.368299700061145,40
-0.102764986476353,1,0.47258877412887,0.468116886531287,0.474092940795581,-0.84801787107875,40
-0.513081309289781,1,0.686934401102484,-2.11192227109124,-0.515051356379998,-0.80365946910152,40
3.66846625592121,1,0.549803915340641,1.22547989922309,1.12778760734823,0.264132880683952,40
1.24925712819264,0,0.0995305019898772,0.471875226320156,-0.160068965530969,-0.897107496800505,40
-0.395513632723171,0,-0.304562058251247,-1.60161082248169,0.696492629017965,0.270190457956216,40
0.885394270730669,1,0.263069058273501,-0.0142672352385597,-1.19375153951985,0.0774750523032271,40
-2.57728027358619,1,-0.500029780196072,-0.524417758000084,-1.6230131862996,-0.347564503377145,40
6.29039315732242,1,0.466877509715848,1.61622229011024,1.87893436230821,1.02763961565189,40
4.84679804720071,1,0.359821187385327,2.25026111451108,0.612442025104785,0.55502302332059,40
1.99968420069286,1,0.379430704020799,0.583356010855252,-0.0891353144641828,0.849401959026196,40
3.21632292831788,1,1.02605228552223,0.727433732664227,0.272085829820841,-0.989511154030847,40
3.17241348622505,1,1.24847120980561,-0.454181944309915,-0.0314539271334214,0.363499322230106,40
4.25391153732945,1,0.0392437496867391,1.43942502643122,0.904404638651394,1.29489955853212,40
-0.78243802215306,0,-0.0352042008527231,-0.442224545970071,-0.475189181776254,0.453255984585927,40
0.391843777894615,1,-0.332622334520097,0.953049005021813,0.788364355093986,-0.770949851111206,40
1.33559182253444,1,0.788939490021793,0.152067287287488,-0.0317159930410714,-0.828178118578088,40
2.37716871857704,1,-1.53621827038205,1.64731049930601,1.09363400979639,0.168987931868095,40
0.469916376791614,0,0.321965200936792,0.655120422810532,-0.637925817647435,-0.373357410915096,40
-2.27357146994873,0,0.688638928375884,-0.544819141820979,-1.86844989183235,-0.731490641728658,40
3.45845282338634,1,0.0462156418053709,0.461855713622879,2.08757131222061,-0.0454083984174373,40
-2.41868549221598,0,-1.62797318877533,-0.731187881505905,0.534049250175457,-1.42942814682039,40
2.46769213875428,0,1.15253626286311,-1.77652569628399,0.467039638054824,0.373420001430503,40
9.01036084224149,1,1.16992552762308,2.13481307904815,1.16849012817619,2.13015649232459,40
0.808579695565418,1,-0.388899080947081,1.5055779393467,-1.60564254098552,0.589206936006213,40
1.58033551948354,1,0.216310376241313,0.399728866850999,-0.306698963758831,1.35584853700599,40
-0.206024880153225,0,0.224531954311916,0.316672532079989,-1.30431494545995,-0.887840445409551,40
2.03603802452755,1,0.147961689492626,0.478639153856017,-1.45280690311326,0.761181720351775,40
1.20138409501465,1,-0.362392126528565,0.939860818785043,-0.208868008747021,0.396738245510357,40
4.34209321513652,1,-0.769219243960437,0.121212659438827,2.43170986940175,0.254607158532437,40
0.187058267133758,0,-1.77491581990991,0.094916889204574,1.27306929773282,0.493743735244407,40
3.37499167717225,1,-0.785787605266414,0.15887883212439,0.721824687792252,0.619920989740708,40
4.01746929513171,1,0.543681867113843,0.346049465819074,0.498861509464947,0.0859237819137478,40
-2.52680620855085,0,-0.749862901476629,-1.54646389238137,-0.34505683032311,-0.378993574624471,40
0.709673029651675,0,-0.471147352950455,0.440841275804667,-0.640675033080628,0.287776454352593,40
3.02958642775036,1,-1.16181171389158,0.425066348367477,1.04800982530631,0.911151512886034,40
4.16403494741146,1,0.70581704760378,-1.01335529750726,1.31121368332492,0.498606315785492,40
-3.11678056513925,0,-1.61142087921353,1.49673718755676,-2.40206237051777,-0.880531136849844,40
-0.221197798782525,0,-0.194996022652316,-0.124384853831252,0.652377443049685,-2.76387597346175,40
3.20891857448599,0,1.0296593375974,0.0729712235729857,0.849448398977056,-1.4644317285154,40
-0.65536835958917,0,-0.0313261931986964,0.042121764808576,-0.0925881548056267,-1.89026894129248,40
-2.2967790600025,1,-0.251562490189946,-0.61238236436413,-0.617187505469306,-0.649378671265734,40
-3.06053020189152,0,-1.65525800953863,-1.25791734812471,1.03274912000068,-1.0198401966964,40
1.91148309818537,1,0.291922868716973,0.483284875867182,0.512721544264473,0.169553061056754,40
1.67085329472165,1,0.354636171931958,-0.433735424069342,1.04598342069652,0.376839811243724,40
3.74177016096242,1,-0.523907039224506,1.66714889130402,0.817612230571138,-0.330753700916544,40
1.31289471414107,0,0.844185076463771,0.242056825127056,-1.03975059250752,0.622883784451738,40
2.27131248388534,1,0.709641754605136,0.413848339072319,0.839257998270036,-0.47066040886905,40
4.56331096088376,1,1.68160570475099,1.55477567057971,0.395036622921823,-1.0005153847494,40
-2.05987653960879,0,-1.14566577908013,-1.04200580038524,0.472024398478259,-0.678905122395212,40
1.40567887507343,0,0.76204681983882,-1.01486674421944,0.38671041380859,0.487731935926765,40
0.759326032181034,0,1.434351570983,-0.580479226515123,-0.836250578867332,0.406792760856327,40
1.9869383734178,1,0.972277603945407,-0.173814625639383,0.490481599291016,0.625957717194252,40
2.99739070224711,1,-1.89214584520185,0.508451655843114,2.94543637215392,0.182044299874393,40
2.42881172348279,1,0.266837793617897,1.37224405425142,-0.468482489198544,0.768018134222201,40
-4.93023144321194,0,0.889501450961493,-0.354308044917763,-1.42944586173515,-2.81752373062228,40
-3.34509391937504,0,-0.0541772589885987,0.400646058249617,-2.81414922844509,-0.571224090989181,40
1.15312313148014,0,-0.745987696631281,0.0814754563600376,1.49200521788592,1.26166779865408,40
-0.569511389495397,0,-1.0265298866016,0.120942260537099,0.145992546164926,-0.507172007505872,40
4.97379088839468,1,-1.64144862977505,1.3108302443959,0.00316571095364856,1.55187437156854,40
-2.19286764856497,0,-1.64733156036597,1.54668804167361,-1.69321049834231,-1.2125263194328,40
-0.585403948701088,0,-0.8141781136219,-0.769429242305522,-0.670608270647659,0.349593472690932,40
-0.00512244531560246,0,-0.058077783976095,-1.52443704729357,-0.197176547366776,0.249264391406974,40
0.966700770850006,0,0.185740833668472,-0.940736579891269,-1.33058910137762,0.885791398457181,40
4.56574928827948,1,1.08999238927362,2.11655958460511,0.271565238139085,0.853715345996326,40
-1.28968969649323,0,-1.75519065882727,0.665642048593545,0.81208956658036,-1.03086919091586,40
0.658346501773641,0,1.40029974097711,1.14553334824045,-1.23398838495521,-0.50092466492339,40
-2.94344988592735,0,-1.12679737419173,-0.620171246979711,-0.473831307797299,-0.889858414174702,40
-0.351542319718835,0,1.17939428112963,-1.78619190632685,-0.331533186951017,-0.830705226390602,40
1.67823864717232,1,0.761966054073715,1.60117564912049,-1.54087162488545,-0.15392834263883,40
3.03722970104286,0,0.31416202766428,0.481605281281427,1.22666871643137,-1.04540482458893,40
0.613594709540348,0,0.529917614360804,0.00850871176330584,-0.288091121691633,-1.79601878677079,40
-1.9747071475175,0,-0.762123625766632,0.112027395079489,-1.55446695113341,-1.65946091234207,40
0.508579630545338,0,1.6717473149635,-0.788240790705645,-1.44377679820383,0.387944562924785,40
1.80102709208989,0,-0.284897585566973,0.240646021349193,2.08996261040837,-1.17355136691688,40
-0.120842367169035,0,-0.981774829597797,-0.618682883335687,-0.327228941978646,-0.0184329566444543,40
5.69588816077549,1,0.227698521130228,1.51215275396997,-0.52143020095098,1.43824006642733,40
-1.14797059645392,0,-0.0918994598181669,1.10790725525279,-0.382589472366165,-1.51626840439314,40
-2.92372887600641,0,-0.210252216061418,-0.76990011055987,-1.590909078958,-0.217076746450864,40
0.150018399059556,0,-1.08796663207944,1.07470438167227,-0.0703511345057147,-0.093669226537362,40
3.69666845073018,1,1.39728127072599,0.924347685123306,-0.290305575807533,-0.479326066342354,40
2.85312091951242,1,0.338107114151288,-0.0519871745040017,0.331672430775451,0.273387286398418,40
3.81728753064209,1,0.123867884653644,1.6066841189188,0.712841776254939,0.533862257544159,40
0.736985685687432,0,-0.346868255706077,-0.850895338565239,-0.458675609701502,1.91589032059969,40
4.08748366277101,1,1.43062672187535,0.272365315670729,1.31733582835633,-0.145351446873607,40
-2.28349596871026,0,-0.604265024286913,-1.22308988370151,-0.8873151289566,0.727127804615267,40
2.09307713805881,0,1.34542633395544,0.40543298917735,-1.41977506654514,0.669006287086618,40
-2.17313019441503,0,0.0768305024740838,-0.512415615774011,-0.746362654732246,-0.47252862222015,40
-1.92991127292119,0,0.124845666469895,-0.71971911650073,-1.86213575374512,0.821268587072972,40
3.02472977395901,1,0.0513194575242161,0.584968050559529,0.635020712860725,1.02666053212423,40
0.634783164703269,0,0.645336541303418,-1.008796863797,-1.23957490895414,0.313285484467482,40
2.57699912347514,1,-0.640769807766125,0.337235753008038,1.30458242475159,0.183739890002493,40
2.07470570888022,1,0.59578170896458,-0.86156419071751,0.337179340581902,-0.265940932628807,40
1.61678469815758,1,-0.281307440733712,0.706208135355842,-0.219760425204797,0.365538825358414,40
0.145825498819264,0,-0.507119305582996,0.291830572003457,-0.614323533985987,-0.23317323890651,40
-1.54279615158119,0,0.0542111530805635,0.27702170857246,-0.226155970797165,-1.70486552142846,40
2.84852594345426,1,-0.514667940442151,0.502204335504152,0.722942607707867,0.0212443903263195,40
0.0324343771318504,0,0.0539237186377917,0.662113393381011,-0.680665410113366,-1.70697656888197,40
1.54929667898407,0,0.047513174237526,0.503954034156925,-0.689602662177152,1.11800336300013,40
2.23813777474647,1,-1.22414529909281,1.04192217299139,0.285551579938495,1.01365178473206,40
1.72029822717275,0,1.0489219464358,0.46654336418839,-1.66195244008396,-0.284144909756232,40
0.959076535703309,0,0.408168388998473,0.956535000232018,-1.67068096677473,1.0926629964639,40
2.43976637957892,0,-0.958671730203378,0.918862412924878,1.08822567104095,0.786661035319045,40
2.70829681939309,1,-0.090260822865485,1.614745160155,-1.38709239518177,1.47988687662461,40
0.958864388256007,0,-1.32962788280637,-0.577844619684237,0.273018949876409,-0.371086485510048,40
3.3286387855966,1,2.09055506633079,-0.471447048769726,1.10453054932236,-0.0462872666709111,40
-0.026985029119547,0,0.0868179300996456,-0.326484418049063,-1.78486508896839,-0.292842126003839,40
2.35783708053638,1,0.675288119500974,-0.565714938814864,1.75287472082321,-0.821333022235585,40
3.84087418898288,1,0.394349847034225,0.0849299052228678,0.0365597597276072,0.513683719669706,40
1.02084991515673,1,-0.187650658937683,0.690420203768011,-0.484332054225908,-1.23863566599682,40
3.91646109050554,0,0.322334046652919,1.02969763066502,-0.612595368523417,0.555724235421779,40
3.06133761087285,0,0.605652536891032,1.50189005752924,-0.0397436829447023,0.173842538109307,40
0.919132652214553,1,-0.0988430413670139,0.469764660120237,-0.64652447396606,1.4595636440248,40
-1.58336330968391,0,-0.93019486512382,1.66377764044681,-0.767929753549088,-1.08500330844737,40
1.10448504538912,1,0.316409140628272,0.672969743176027,-1.49598272153518,0.950383842343942,40
2.95651393274015,1,0.607321876939066,-2.33191722895799,1.99537693586797,2.29116356346822,40
-2.71286222442006,0,-1.97959989903509,-0.806570474466737,0.492369325294167,-0.25177002605351,40
-0.712210917834963,1,0.027386014638054,-1.18651895386743,0.919754865948836,-1.08645724794572,40
1.17025708906672,1,-0.279160761726362,1.36567180469703,-0.229616837328159,0.720084519750003,40
-0.809941648428055,0,-0.030048595845038,-0.368427190969647,-1.02474222210917,-1.03651230199419,40
2.77885653998936,0,0.165883677845519,-0.828785580660316,0.366162105836569,0.472361904283559,40
6.02418579163499,1,0.529215753187382,1.15388921638067,0.294898134572768,1.09783678487943,40
0.97444259280541,0,-0.974681344420612,0.424096723896836,-1.27244819026024,-0.272922080566518,40
2.10276088497368,1,0.590978542712863,-0.843639927329063,-0.221312043102181,1.94025474573775,40
4.38754220155979,1,0.581099137886238,0.105940210309938,1.37804249870353,1.12824148018019,40
2.31655145844338,1,0.371944730909347,0.0772407075970519,0.366433898008775,0.699907149593142,40
1.63795693617136,1,-0.0101609369870673,-0.0829600033769819,-0.275027999170921,1.14839057676473,40
2.46003249571718,1,0.658813724225717,1.22591473053734,-0.378798785355331,-0.365630948312927,40
0.203965375239031,0,-2.00667874792792,-1.27241914787019,1.1891524060572,0.175080380742384,40
2.15150041564023,0,1.58470374806288,0.851107311548207,0.544587504538587,-0.53741025520761,40
1.1854749640012,0,0.752176623717347,-0.906751397725267,-0.0863014015102436,0.515358130710778,40
0.798932088703626,0,-1.13627309398471,-0.149463278204665,-0.0853957154604019,1.73332229172136,40
0.20988382863299,1,0.0793367136069695,0.557176684089381,-0.831716139689908,-0.410491211938244,40
-0.72773412578019,0,0.1376342999802,0.00451976973895031,-0.687240057776458,-1.50966731849657,40
-1.41366345941149,0,-0.248359773418832,-1.35174394866864,-0.903074185709463,0.57876912642917,40
2.8350309815263,1,-0.258357943386913,0.905974151361793,-0.299091261661097,0.968115611734985,40
0.0789721632646831,0,-0.406743735603114,-0.385050235468699,-0.334609046252797,-1.1255896334287,40
2.79722686006654,1,-0.722067298438407,0.734702937566839,0.5650457357161,0.454595660361536,40
3.5230653353639,1,-0.166907398232136,1.26535831801332,0.694797785823101,0.108998056688114,40
3.39542251404021,0,-0.622146592296192,0.713720354509274,1.36177684190857,-0.29350925203637,40
-2.72530266187071,1,-2.28768914069505,0.805252497575914,-0.593008770554351,0.890763345097274,40
-1.41674047761894,0,-0.664550772254937,-0.834063471729104,-0.590308480481613,-0.24993854452968,40
0.575422766551272,1,1.22497323995395,-0.831183259777618,-1.17776799849859,0.914164078193616,40
2.88639481846027,1,0.277876430301616,-0.678705185567693,0.873593791791268,2.32578970525752,40
2.57418040441421,1,-0.569149857694196,0.436375354735698,0.888649998470186,1.18250694938796,40
0.0378471969716668,1,-1.5331952408821,-0.875267386155129,0.53318275307585,1.03989846649387,40
4.36605896679909,1,1.07323168236884,1.62099693211911,-0.718410390644473,-0.0938305721332752,40
-1.77643879188029,1,-0.533048258398516,1.02117795084195,-2.05424094532367,-0.858626525481362,40
4.46236720389613,1,0.598752179601736,1.27801231379418,1.00945748046323,0.646404308046441,40
0.0261307291990922,1,1.20707434661124,-0.548055788464429,-2.38149513886875,0.83806527101823,40
2.34487520307961,0,-1.55484912142768,0.633409399295066,0.844109822983762,0.580897791421404,40
0.859423043493733,1,0.592385952872304,-2.62988204227376,0.951832267583331,0.243987688290889,40
0.194405216922728,0,-0.114930892376444,-0.710630452879451,0.618880575679184,0.812974511154323,40
-2.50551126368632,0,-0.830573658163838,-0.636750050673748,-0.533371158273065,0.424233219514863,40
2.68237307265889,1,-0.605074029889518,0.65358229350944,0.850462739312247,-0.427535083286245,40
-0.769048931868917,0,-1.50110256421232,1.34391478304005,-1.261569817189,-1.02959578856104,40
-1.82814233425481,0,-1.19597778185284,0.233741514411322,-0.1321145223265,-1.10422874594752,40
6.24303638795975,1,1.15931599248571,2.63556117672576,-0.116757083138788,0.807838160184461,40
3.02893634386345,1,-0.635294868017906,1.76512409765044,-0.809906462036217,1.03458889197092,40
-0.802170820083638,0,-0.421784338521216,-0.119091256899377,-0.79492639906715,-0.371209659174662,40
-1.49832434826526,1,-0.299168597052798,-2.15575614195007,0.156966276800161,1.20294288892515,40
-1.97874035034906,0,-1.57240904533385,-0.252991589288851,-1.16044068300939,0.420711151378077,40
0.919676951773776,0,0.46084236885522,0.149968871626339,0.620210792409941,-1.49205280321507,40
-4.05515772557461,0,-1.38072271723344,-0.381999046289955,-1.91133226493441,-1.00645722081525,40
0.205474805720512,0,-1.77009236680649,0.0255118327414492,0.224645706393798,0.396549486716283,40
-0.491193477202453,1,-0.0699919952251448,-1.22067820862529,-0.287480371752841,0.755260534591726,40
-2.76955270391281,0,-1.65423240466759,-0.344330036355551,-0.311147848160755,-0.050072440168174,40
6.28218990673889,1,0.753092337437751,2.6773853581976,1.06200328110541,0.470789506924018,40
-0.109791314025407,1,-1.15265734948288,-1.01019939212604,0.438413807583677,1.22450063036326,40
1.77558014909248,0,0.113092498013607,0.252364475418044,-1.45765057709997,0.665113883134749,40
-0.623937525001597,0,1.45984797108742,-1.43727704937982,-0.959811151738024,-0.827638935719121,40
-1.1658227327844,0,-2.21557424470575,0.412498077151863,0.742332059671626,-0.877015624316467,40
2.39271072550234,1,0.751478176144186,-0.272714115862202,0.984134093757238,-0.382432156803272,40
0.478157960662975,1,-0.846275298329307,1.32002949338233,-0.189880430029865,0.24780593545874,40
2.76878653656755,1,0.644604061282009,2.92075975946382,0.752440291294655,-0.587147500776197,40
-0.884759436624902,0,-0.89830896210145,-0.568536465177948,0.975577579208251,-1.12132966709941,40
-2.44032460510736,1,0.0539756088339476,-1.08158958431778,-0.684815194177562,-0.560770399032516,40
0.278621445215264,0,-0.592446300133606,-0.869363838332606,0.628054559675951,-0.0723483849815752,40
1.14393308670554,1,-0.247452407935033,0.246785727207214,-0.506354592378261,0.383267176963601,40
3.8601042580543,1,0.211538568875866,0.206571132985191,1.38502521259323,0.759445091472869,40
-0.478694531200207,0,0.41179892334741,0.161415863286303,-1.29791671923573,-0.13371806000624,40
4.80430869750557,1,0.102666581010551,0.161284034375222,-0.0134833208456728,1.5350585853353,40
-0.727187771704493,0,-0.956975696883172,0.293251710566572,-1.41921091970352,0.520573700394228,40
1.16271344395339,0,-0.438642466680137,0.224052314193959,-0.595001822929734,-0.0927045335535616,40
-1.23606163630596,0,0.252534635674474,-0.338698995249995,0.902565816469843,-1.85446288317328,40
4.17983131666292,1,-0.307384952465482,1.38506014732591,1.01603213972231,0.521696180824471,40
1.89909137712046,1,-0.866983412756157,0.722332597161136,-0.699644497927998,1.36593334364315,40
0.232385936972052,1,0.463166514602145,-1.38646180204299,-0.519654323977562,1.01160308916202,40
-0.207318253346019,0,-1.60637677871185,-1.25193414090449,0.52907814259342,1.57764868534819,40
-0.561629245561699,0,0.308567448136935,1.2152706568029,-1.6905790440356,-2.41082951688005,40
-1.15561897477047,0,-0.218750784817575,-1.97758251105637,-0.606999483467504,-0.185546736482125,40
1.25823640408185,0,-1.28007645967817,1.91810892906131,0.771129643678814,0.214706660199421,40
1.49462400423798,1,-0.276244481044568,-1.53193342710615,1.48905405400644,0.816455515236983,40
1.74141952749004,1,0.721902081502989,1.70388992387203,-0.263415007557039,-0.030707786528336,40
-1.62681930294047,0,-1.07825869693354,0.872567188272695,-1.22427011171323,-0.292465304517318,40
-0.0692846498163071,0,-1.03167287176015,-0.102199997429861,2.43153767062293,-1.14487540811674,40
0.568744814915395,0,-1.8536162912273,0.63757109259601,-0.199132500527704,0.0472052050566153,40
2.76346929204534,1,0.773329716302505,1.54257535644225,1.4061866668897,-0.321450862095651,40
0.244869022192238,0,0.0634896968220398,0.474216785264129,-2.80842549869228,0.468661304226888,40
1.84017679204321,1,0.838098150752177,-0.818930308066899,0.472261510645712,1.15126265414722,40
-1.22569643650824,0,-1.4572830050257,0.0490057353174111,-0.375541125313271,-0.324317400672828,40
-2.12317474506213,1,0.485852585760185,-2.04266472353283,0.588988108419655,-0.0811859040841783,40
3.76747184144307,1,0.763539954335052,-0.226040336930336,1.43865743085444,0.856532058923443,40
1.17812030277708,1,1.12441061046379,-0.772875693588393,-1.40661721053482,1.32435085934661,40
3.34478400005767,1,-1.56043106509738,1.51930734910028,2.12756809809749,-0.787632210030141,40
-0.266144059837678,0,-1.78477295916117,-0.652137047132393,0.42840619412968,-1.39409878701824,40
-1.46621374089774,0,-1.31695603368758,0.320512582786369,-0.406887804708598,-0.917650392739124,40
3.43396130842228,1,-0.00786067606664488,1.76052380798761,0.859539351097604,-1.28729929251884,40
1.27167053143342,0,-2.47962249941926,0.915691303181171,-0.542674827713163,2.3556540474305,40
-0.051219287852465,0,0.187601837084679,0.525599633677933,-0.0851185681122663,-0.749841598325813,40
-0.712371191900394,0,-0.431296602863538,0.636614168518535,0.394417295737651,-1.77913903080128,40
0.562386493735285,0,0.0311703000837687,-0.262309345310711,0.166046385789343,-0.168822627696365,40
-2.20140741592628,0,-2.33393118773404,-0.394758885305981,0.302761909836263,-1.67007123628443,40
-0.903780163060989,0,0.80500914159971,-1.76216821783269,0.395385459321567,-1.34090717439422,40
2.04194772766726,1,0.370691934833227,-0.164879845701186,0.133126347999425,0.0697592640994705,40
-6.50525122548493,0,-1.76541968191217,-0.615432423554483,-2.64304273615423,-0.88940501187732,40
-0.994177464962056,1,0.74616584991755,0.00595877912113703,-1.22490307889015,-1.23937502542002,40
1.27797075731566,0,0.977619136560391,0.742885887164011,-0.125349120689184,-1.70612179919702,40
3.06978729182817,1,-0.191163616439808,0.934862008372837,0.892360985946369,0.892808319570998,40
-1.66374499906878,1,-0.206885247023195,-3.44011909038349,-0.130362752754709,0.99773384461101,40
1.72016841657769,0,0.991970502710721,-0.0280170483275635,0.944213129915344,0.167595415642452,40
0.142398444676955,0,-1.13234378268469,0.315522232632748,0.641270358607868,1.21061331443011,40
1.00107132806569,0,-0.202347425791223,0.552567165593019,-0.532623472952659,-0.221388004257977,40
-0.70229110071255,0,1.09772065720628,0.609858755544801,-2.32516079542764,-0.592675083658478,40
-0.887585113168524,0,-0.613694146304182,0.743878006676823,0.00285356034072828,-2.00896938191122,40
2.31238271369394,0,-0.211967744736342,1.35246346680395,-0.866653907420684,-0.181487421849866,40
1.0584829832369,0,-0.223384496344125,0.209111756439992,-0.209280998841838,1.08772997133577,40
0.361091442040669,0,-1.10166991530465,-1.76526716847654,1.63896252381415,-1.00340784074588,40
-0.432533781392564,0,0.530615396618908,-0.894859788870755,0.329710060968616,-0.4483794399447,40
1.89028568777679,1,-0.590367162619096,0.145017789663925,1.48696542890708,0.446112886616368,40
1.71955763963156,1,-0.572425021720577,1.32978843618773,1.87261901728698,-0.509920116005598,40
-1.24573368186032,0,0.0710600345718603,-1.55667380893948,-1.30362006447671,-0.119155002568604,40
0.0284149242680281,0,-1.16835901341487,-0.587560428670743,-0.599475785209466,-0.353817628228909,40
3.36934953191991,1,0.890717408423097,0.837377334602774,2.41859358126583,-1.01614120894312,40
0.418932562127579,0,1.18147582615399,-0.72613946984596,0.524546753280508,-0.189149025798673,40
3.04275139046329,0,0.347579479588653,-0.239146264757108,0.058404235191494,1.18949645290999,40
-0.196604851827821,1,-1.70645372733935,-2.20377913456385,0.874839304629234,1.5940517315066,40
-0.0990305567957371,0,0.0719133575577571,-0.445301500126365,-2.16665668100629,0.553921324644969,40
3.26416291233504,1,0.475704103683574,1.10640376406575,0.120050515891866,0.317471583250105,40
0.346137557796176,1,0.661618434082423,-2.20345901742303,-0.372457942317403,0.9878870104376,40
4.69170784030449,0,-1.17448970354062,-0.194579536850866,1.468438486133,2.38194284195713,40
0.598057297510325,1,0.426944473078195,-0.836671001403753,1.01910136179758,0.190777122090981,40
2.78802753900117,1,0.0755063002544377,0.149848361191818,-0.241526813070329,0.912931200081702,40
0.143186367831235,1,-0.511057094972129,1.35526533695995,0.103789402776403,-1.01082025152828,40
0.714431888495039,1,0.565750647400694,0.457160093246705,-0.401679365897623,-0.92152429789384,40
0.484747337218841,1,1.84231480966617,0.994602145883159,0.263380758632195,-1.98748353607149,40
0.705513936847473,0,-0.324511235264129,0.247478369868699,-0.26193333861927,-0.147308538313808,40
0.931464151838699,0,-1.18454019241951,-0.291385813210834,1.95025819671993,-0.146772290928566,40
1.48668478598599,1,-0.0796263652498621,-0.625319514273681,1.17501237890993,0.0506875813055506,40
4.51675967986636,1,1.70566717696295,1.75470504012269,0.644467383937479,0.535307548571333,40
2.67730066187551,1,0.774116648474836,1.71916754415823,-1.18678332200343,-0.228546548971295,40
3.71392665798996,1,1.95129183070703,-0.0377142688145811,-0.224166000435975,1.56178391471613,40
1.80810161069446,1,-1.35271300008582,1.72224812353987,0.799924563314291,-0.0373368011737496,40
3.78234795915216,1,1.25767368393929,-1.23599517881557,0.383134446198527,2.7273113949245,40
-1.19499772812954,0,-2.58290191310507,0.154515930480602,1.25714522269937,-0.487765140198941,40
0.563633237811672,0,0.129305412101316,0.32980019669678,-0.420222726968186,-0.700803306194156,40
-1.18636112453791,1,-1.26829208083834,1.25631338201054,-0.753638703004382,-0.746128661349218,40
-0.450700877745201,1,0.0510690127649445,1.24829660758049,0.0196071554122974,-0.753878875425623,40
3.82825431846577,1,0.165601765534878,1.11189061559271,0.892871707148331,2.12112117404652,40
0.616719800018049,0,0.0721953256118567,0.34769796696086,-0.531676297522943,-0.038696341839644,40
2.15224020150139,0,1.27734474491375,-0.0606532045175235,-1.1216592865329,-0.0781591136828999,40
-3.68820064581528,0,-0.487844941567217,0.767703740043719,-0.513061947915056,-2.60618314363723,40
-1.34621163568791,0,-0.38070263625963,-0.956045565431068,-0.109719913417515,-1.24119766466119,40
0.328430759355711,0,-0.456857210439391,-0.0548281362941313,0.989561341685364,-1.24420148334188,40
-1.16980206445195,0,-0.0767665967695518,1.05070755527194,-0.984075848611369,-1.45039595275582,40
-3.14865034798161,0,0.362684013187678,-1.20249125281932,-0.539495718374321,-0.850381231752632,40
-2.01715324278885,0,-0.832356559808214,1.33361184152215,-1.18726219459793,-0.913317549422856,40
-2.47119048436632,0,-1.29309825641915,0.145093319421281,-0.512796933222042,-0.893692127028903,40
2.6310178775102,0,0.605912109272296,0.667347344602562,0.270188125756922,-0.501442517157828,40
-2.66960746081797,0,-1.21112223843333,-1.19946592714783,0.362837528578434,-0.989135997416672,40
3.12064235285706,1,0.284363054602332,2.55890244686851,0.205373376648191,-0.509343766255963,40
-1.12481488069195,0,-2.79190533860965,1.0279803207512,-1.82482139599749,1.85838091804964,40
-0.208384559939346,0,0.95621912207931,-0.7436889230608,-0.0607708436994722,-1.04853833739613,40
3.16833443731932,1,2.7491862709997,-0.612603357357884,-0.0893662319678646,0.259772046570745,40
1.34632304977088,1,0.778489162836859,-0.387660123227331,0.673407036712742,-0.609744537600148,40
4.17113603858436,0,0.705821158242458,0.673247791013381,-0.335921395640049,1.20914860439412,40
1.24650074852859,1,1.04781833181707,-0.573795792635405,0.177612954834422,-0.864935873204923,40
-2.31301482788374,0,-2.57211508670332,-0.0295245998013298,1.59551505636331,-1.15631123575254,40
-0.540342443715055,0,-1.01289472057582,-0.751166158818034,-0.191258574264704,-0.192764822682713,40
1.38134568337402,1,-0.216872774992423,1.36478166406665,0.209518724482944,-0.315907376347622,40
1.86199999579056,1,0.0583310613232432,0.523999585674579,1.63819194398216,-0.134418884532447,40
2.40102905599227,1,-0.135063291119776,0.792102715401827,-0.256033793159388,1.54067895361851,40
0.69068809485352,0,-0.0190374961431441,-0.238929480938079,0.555185531650247,-0.752360973195416,40
0.0742034966234228,1,0.864358535937366,-0.454822272299576,-0.0226240799061108,-0.18188040103795,40
1.99098543690524,1,0.0682580673526936,1.48360027935425,0.29322364890775,-0.119067500179782,40
2.18429182042331,1,-0.43028995697134,2.2618909391116,-0.70351289997887,-0.664430497748633,40
3.29351131497913,0,-0.0661527849061144,1.15843734914694,0.0119801423401252,0.473005665549455,40
0.600105344945755,0,-0.986105557692941,-0.378165560733291,-0.745964996941014,1.32509784131659,40
-2.27167850536339,1,-0.537126292587905,-0.932729801154989,-1.10001709213192,0.679945287592714,40
-0.493546215523787,0,-0.0218605820389638,0.044199223321782,-1.16205372712478,0.434151867433029,40
-0.12578642746037,0,-1.49931795444233,1.97891328333302,-0.00129590242861208,-0.850763411148412,40
-1.05210247145593,0,-1.16792025013538,-2.30539310425969,0.51377246956344,0.821372115069279,40
-0.402118449388352,1,-1.3603725533542,0.49087011899047,0.381784378371435,-0.778044126844288,40
-0.593727296320701,0,0.471414750300357,-0.245462729380373,-0.207460452745287,-0.625980854152733,40
0.882890146859915,0,-0.584727651640015,-0.294305711054806,0.889039315101922,1.20384164033608,40
1.96378028822337,1,-1.10315448218615,1.69605762295387,0.0238548951619965,-0.896103110745463,40
1.21720713637671,0,1.14943505176685,0.0840792958174242,-1.17061271283095,-0.286838077015983,40
-1.35125687488344,0,-0.152791952773689,-0.0316199635807543,-0.52124672204189,-1.19024883496432,40
2.63986659181731,1,-0.369207769431732,0.443405022154432,0.739425152807197,0.863172087411786,40
4.89795959990061,1,0.584240584383651,-0.248176344195601,2.3111006835275,1.53986997730702,40
1.32463193359108,1,0.586942107967965,-1.24177988508797,-0.63830933883714,0.00518073273784089,40
1.20737037490798,1,1.00480028586982,-1.47449266327147,1.07265624815962,-0.609661219526179,40
1.87673734874448,0,0.541236853383741,0.573214993703862,-1.82762118947001,-0.916010612771667,40
3.4122637430879,0,0.307223743254157,-0.12517570751426,1.52834065768521,0.19093559016042,40
0.301820689822225,1,-1.96322565214977,0.251018046017342,1.07288477029205,0.622036140474638,40
-0.0714596650343378,1,-0.380311268328026,0.0730175246041357,1.12158251318547,0.13821814424687,40
2.76465114802391,1,0.404186399857582,0.257603377234147,0.649502400747817,-0.86848348265871,40
2.48506653248199,0,0.337744773986844,1.36866155427101,0.774628903811098,-1.93189780918505,40
0.697433924519877,0,-1.03452555724714,0.431984306607691,-0.357221518519073,1.41451941385271,40
-1.72450276023071,0,0.417829502483461,-2.26599501039745,0.317264555686298,-1.48316880744443,40
5.86927811338091,1,3.2356186009226,1.39982374150234,0.147211871785623,-0.263989940793529,40
-0.77249961926165,0,0.192554495191974,-2.34853252783526,1.55532612819738,-1.5863197896179,40
3.45590662769201,1,1.56084178635171,0.703238255900096,-0.829610002589628,0.479265764136969,40
1.99071873278847,1,-0.0477574609567869,1.41628576044617,-0.51299591401452,0.314197333359852,40
0.404733622627306,0,0.75822348888662,-1.34840272441074,0.863325526479061,-0.524334971220329,40
-2.51707714149255,0,-0.897949617310387,-2.30303845017009,0.0581010336083619,-0.113447730471962,40
-1.38572939684214,0,-0.909346839783982,0.150685981084105,0.43487854093568,-1.95551327669168,40
0.178467390595214,0,-0.241245608390436,1.10376402473123,-1.17046141405585,-1.27069336702502,40
0.57440299710434,0,-0.587106459554538,2.08210056690169,-0.958260871504097,-0.764344704369449,40
3.96277017880312,1,0.813498199040756,1.17674748119657,0.565341863338191,-0.0435930457428635,40
3.01822642650192,0,-1.50673768230701,0.522785217793609,0.140130941520784,1.00680812863422,40
1.3474830330077,0,-0.18441255935036,-0.646448364291815,1.35457234248655,0.158444344761516,40
4.08083483067869,1,1.1014031961652,0.837253140570566,0.600864595538444,-0.686167151175574,40
2.18997763612723,1,-0.0711058882225311,1.23335521052277,-0.756725053733173,-0.0250191759284021,40
2.12640542774638,1,2.07719377023849,1.46386768953376,-1.47880146481738,-0.686131179079125,40
-0.557159218524781,1,-1.50650667679761,0.791874286661103,-1.29127045242306,0.303366589941372,40
-4.10575749391572,0,-0.390939629608468,-2.46966761607852,-0.765894998586372,-0.318635468637767,40
1.0638164693386,1,-1.00905681935069,-0.237576436392203,-0.0861796491675515,1.71373294540044,40
2.37513479247884,1,-0.0806461052447864,1.36594583716079,0.558153241137291,0.28366890380647,40
2.32726023305739,1,0.021856303872173,0.365312122494231,0.356425890415265,-0.448260906122538,40
-0.124236670015147,1,0.248294285725483,-0.842303081290372,0.124928336251748,-1.07675937280653,40
-1.33617685285947,0,-1.75567104943415,-0.096532441186324,0.206374946873845,-0.436067633704016,40
3.59975057268864,1,1.68956677773574,0.0656710732661849,-0.8843145808857,1.11890005657031,40
-2.51669225508139,0,-0.207109287834721,-0.218368102154406,-1.08721863168281,-2.19456470225784,40
-3.12556109509435,0,-1.35175734081913,-1.52840563735093,-1.86317847297164,0.427603662621851,40
3.97113251537187,1,0.585441719876816,-1.23567276780022,1.33059110953259,1.9075648334097,40
3.27599520168447,1,1.37264385251732,0.50089074171241,1.50434649002323,-0.927897316698629,40
6.08459554668959,1,1.22147809875372,0.834983210069465,1.16837120773826,1.50509587596598,40
-2.0475755136549,1,-0.138116288551611,-0.649078798558891,-0.782415346920661,0.164912874631913,40
0.85624231186935,0,-1.50919775005041,0.385582807410173,-1.16381552465377,0.791885872530318,40
-0.889844584902849,1,-0.119561477075871,-0.753840163146293,0.94293192344749,0.765674057905437,40
1.45542763310545,1,1.20812051268993,-0.905617853641979,0.450019557970495,0.494972353524722,40
0.455331584241268,1,0.623252767322174,0.0591769981120547,-0.463237065244746,-0.843735884271946,40
0.602500161597364,0,0.363541889210313,0.102293122533835,0.255161231587139,-1.30426482496542,40
2.25480598849201,0,2.13266986135699,-0.351845342416014,-1.40324895516539,-0.0660207339575746,40
-2.25630984084033,0,0.501058232847833,-2.66326525175977,-0.933427038624593,-0.748368397571069,40
-1.67010665505801,0,0.776043777000575,-1.9288531313692,-0.56851591472421,-0.798636157718301,40
2.54553368323612,1,-0.370716091240467,0.500988709331459,0.960936121070846,-0.642320227395193,40
0.540744923403995,0,0.736439419213171,-0.120902920124477,-1.37786734862698,-0.309309102582214,40
2.80852647771676,1,0.637960708216317,0.0345485571153779,-0.71452717381512,-0.0606013521573559,40
-3.7197038278621,0,-1.14692688793777,-0.915345101735328,-1.37008645463856,-1.01950696149673,40
-0.321448641358528,0,-0.708450643364726,0.684811698642889,-2.05301548946256,1.03302245897908,40
2.66858527681903,1,0.227342259010897,-0.673281042278964,2.26917068180451,0.156291769369356,40
4.35062623665543,1,-0.459279259763192,0.908088418526168,-0.202325294941851,1.05629427565371,40
4.68501575749994,1,0.337674584242397,0.562453592429522,2.0668165785934,-0.522326569615015,40
3.67226056641228,1,0.764929142949696,2.11396929975445,0.411245639706516,0.0264796731204086,40
-1.60774492138153,1,-0.99629120902005,0.510685587385153,-1.21595252115958,-0.608485057849197,40
1.2377007575147,0,0.0864065576280652,-0.164063687782418,1.5778626583044,-1.20457773119404,40
0.305522017521361,0,1.07435212848512,-0.621445581236378,0.469412896170811,-0.351353183791515,40
4.13596837142289,1,0.12344567691137,-1.27734345866339,0.855900712028112,-0.15790611379285,40
0.103932418398082,1,-1.13329246206585,-0.823626152423717,0.220798147537915,0.292678816915832,40
2.3837215630805,1,0.722095723735921,0.374853575821698,0.119392354903299,0.0489525539883343,40
-1.46026471474514,0,-1.32505487131543,0.29784515310553,-0.985610680692197,-0.091914525897235,40
-2.22540311724018,1,-1.09697942356243,-0.66025568959876,-1.0128999254214,-0.781446805051304,40
1.20518716976523,0,-0.956665190904198,0.105002851577245,-0.553921096915649,-1.03519153729716,40
-3.83568770115342,0,-1.33054075051715,0.0390771508914086,-0.613738948917418,-1.59712169366668,40
1.55240202396129,0,-0.161964371238378,0.141323963522791,-1.19489866286175,1.07274412790991,40
0.73908065980758,0,-1.0251478238574,0.186610840232871,-1.13115769909962,0.553588235771271,40
-0.748457983638207,0,-1.68937567967266,-2.03195618349701,-0.0252550296900377,0.845808724013954,40
1.0671404962754,1,0.671642086761559,-0.993508589646593,0.150203923015555,0.918267899489196,40
3.50555002302199,1,-0.575040654372753,2.31638321879078,0.0598011528130761,-0.108764690986187,40
-0.800293701154536,1,1.08052346937283,-0.491688883793318,-1.52237026925501,-1.07400728428151,40
-6.20250141971267,0,-2.21660350376762,-2.07588171753542,0.163827207670337,-1.11433234557507,40
0.0215996326468101,0,1.80027064791089,-1.21720051002211,-2.41662995200773,0.699514886674889,40
3.8229997869965,1,2.41645107087358,0.0416307871202391,-1.57898910667865,2.27471836022996,40
2.5046198125916,1,0.557056763809919,0.751745793340505,-0.579081090290581,0.099130691995042,40
0.301947984744187,0,-1.25452818672445,0.447734390655569,1.38830495868767,0.201354815069479,40
3.61646347182087,1,0.547917615686663,0.931648494515757,-0.659644067976963,0.956489617889524,40
1.29382675136347,1,0.229129514029625,-1.54052646527064,0.993301591839717,1.07065127124997,40
2.37315523656026,0,0.640181334919278,-0.46890715534375,-0.185165254714192,0.0972415148158439,40
1.18855001678173,1,0.11889286240362,-0.57543225024868,-0.44531383871191,1.25558848064643,40
3.10992113392687,1,-0.225081207216652,-0.0346416861762411,-0.399517432845253,0.956860823735395,40
-2.05156266072901,0,-0.297460008680452,0.550966845061238,-1.63452195007197,-1.57237829440728,40
3.53389044164743,1,0.0336481428444289,0.965557938743457,0.044220352772039,0.892346893120934,40
2.47721446116091,1,0.581444394725552,0.726584095717372,0.94940281988942,-1.64748322996949,40
-0.0907487258642366,0,-0.109076528538626,-0.801150952532471,1.08360400526605,-1.09338412902318,40
-1.43430472449934,0,-0.593230671111917,0.593178828196915,-1.23505333504259,-0.741035596447547,40
2.48681242070722,1,0.0883745839602802,0.483884394338053,-0.299268367554461,0.813106021251293,40
4.79078227560056,1,0.00282038070100328,0.333157560779063,-0.891127376495134,2.0477048803857,40
3.61999038317743,0,1.59695517122646,0.215951653193044,0.743575426036893,-0.669625456277607,40
5.15657421169855,1,1.37476833836803,1.12713268014368,-0.0990100208663717,1.79238119809334,40
5.41203722185698,1,0.509149343128928,1.58892631545962,1.4644844285449,0.00708180146203532,40
-1.90720358155259,0,-1.7255806726987,-0.582770118634461,0.564549593100597,-1.47679173606901,40
1.73168082083376,0,0.462481533075928,1.12998376800357,1.33132791365709,-2.7927660363947,40
5.42040640542703,1,1.36692666475465,0.907841664546446,1.59607883949179,0.0963152104550212,40
-1.26948106896037,0,-0.842286141865501,-1.73381194100229,-0.44622109689185,-0.324798120124788,40
1.48860872190022,1,-1.04106179474833,-1.04271192883625,0.655941699732355,0.115749541998385,40
-1.30445774587321,0,0.0272164318585602,-0.258147316166814,-1.08218696137957,0.0679519069200792,40
2.82780149737207,1,-0.532231421740428,0.0970572362617162,1.21724294712342,1.45096821154181,40
1.93456511544377,1,0.835698334051189,0.305832728373389,0.667617088192787,-0.695967072460099,40
-1.11004792229435,0,0.113114794431596,-0.475476430877619,-1.28631296528533,-0.387390266156579,40
0.557280201781595,1,-1.08242323904627,1.02188805379719,-0.287887725703984,1.01721605171081,40
0.0324962352000762,0,-0.605900248099203,-1.01730843291724,0.548529017855779,-0.593405475043123,40
-0.672318487538142,0,0.901557524702577,-0.658808577842015,-1.02152014937971,0.305916255510991,40
-0.195675690533859,0,0.460930135831051,-0.588078904384456,-0.976046593530822,0.79094868974919,40
-1.5299276106864,0,-0.396816917131074,0.936274596587063,-0.474665063048706,-1.20927681222671,40
0.895769135189779,0,-0.777962373666816,-0.392607913970456,-0.321140254347839,0.878975507689126,40
6.55046258879885,1,2.60063029572682,0.845872488300782,0.176980905182766,0.442153303186743,40
3.74940612556676,0,0.497605455460321,0.40525687343149,1.20636655352636,0.356899505781916,40
0.700407204035045,0,-0.522538633137212,1.15784761550228,-1.58812595252644,0.503572131676329,40
3.61040639881119,0,1.36143148451361,0.318665767989873,0.0644230334707681,-1.11833194984399,40
0.842986533325173,0,-0.746402139366337,0.680618808727761,-1.47996160831791,0.463744113020986,40
-2.54179228930206,1,0.690476468665273,-0.156506775258779,-0.334723467956293,-1.03903763300031,40
3.90668538216883,1,-1.29889239062821,0.430872619590233,1.0557035965095,0.714217807701978,40
5.45169656845917,1,-0.857312840970266,-0.08436424297003,0.764474811871979,2.20531528553333,40
-2.74405788030834,0,-0.770602355292763,-0.789736714240216,-0.964440863689134,-0.214050605741472,40
-1.52896048601586,0,-0.164048403378816,-0.243338612551033,-1.38210485667304,-0.943304821472183,40
-0.327977922103547,0,0.37447992718807,-0.954411959958522,0.0209744468638034,-1.0801364320182,40
2.24874374173707,1,1.10209206367054,-0.46986774795237,0.260181090421192,0.613834004663073,40
-1.80088194130586,1,0.67640678925421,-1.25879229059404,-0.436027112368919,-0.572547727194179,40
-1.96898152640743,1,-0.373051941665422,0.0845950660773722,0.758590512625985,-1.99839722064863,40
-1.42806892036485,1,0.405422233548557,0.578669292485019,-0.181823308728701,-1.00530230712153,40
2.29091008589602,1,-1.14207706877133,0.186394424581191,1.57910979823005,0.439587715607395,40
-3.30124016308981,0,-1.03598589727306,-1.58623653221608,-0.0939505410752815,-1.5410879515167,40
1.64935530122705,1,1.3141169761999,-0.476994738175505,0.313827998066494,-1.15433401333048,40
0.157572895844265,0,-0.2416839674292,-1.07535104164927,-0.987642870512473,0.019340190876591,40
0.143784299989003,0,-0.612405798343993,-1.92014192344241,0.41642641154339,0.613729577672394,40
0.782331936642686,0,0.0161314539439753,-1.27349141481267,0.701118432672005,0.236629180719217,40
2.03288200832407,1,2.13953703215271,0.509105507522239,0.961849010738002,-2.40375693974929,40
0.542061253533901,0,1.16806592758144,1.01517943847978,1.50652895343292,-2.74302996368444,40
5.27790365486633,1,1.84583163093387,0.152924676707877,1.66974239635384,-0.678692244099882,40
0.252924234361956,1,-0.16174032589865,0.383303612489232,0.242841475955985,-2.11318110754636,40
0.402925766744788,0,0.177531650268802,-0.466179247176932,-1.10591181209378,-0.227288524249969,40
3.46362007135928,1,0.791266619219702,0.25607231804434,0.514437789744204,0.486782717073454,40
0.34200243255063,0,-0.122109334468966,-0.551051878096416,-0.407738093430335,0.454921670986717,40
1.21363678907263,1,-1.09189131012462,0.415500243614384,-0.565998498485316,0.722782212610336,40
1.3332102191253,0,0.170477916276537,-0.0669029876820711,0.381889335379068,-0.133702421749746,40
2.8230152557689,0,1.21827887331084,0.847478837572974,-0.982368236581552,-0.279742689338843,40
1.15173091531411,0,-0.335413274588216,1.21342170590634,-0.759434865547812,0.525000443262466,40
5.51656894361214,1,1.14995015576493,0.702420034370546,1.16846978149503,2.26642113305278,40
-1.64578238014968,1,0.6939410947025,-2.38260698082385,-0.175952527100845,0.113820285760638,40
4.64694236826272,1,1.0409558275492,0.0175520673184005,1.75020478892929,0.857515243445158,40
3.61528975432114,1,2.2919914780529,0.694552290889977,-1.48139351130716,0.218303410387115,40
-2.31493824229692,0,0.182755556515814,0.336132866206401,-1.03403405090118,-2.79661926461351,40
-1.23116462238172,1,0.119152053651596,-1.1130304213906,-0.978245531146177,-0.0964558236311788,40
-6.21226579982438,0,-2.82485717891713,-0.157041544671535,-1.44079560081228,-1.6342429890145,40
-2.06516401700503,1,0.996406342563009,-1.73266773687695,-2.46716584008988,0.374490164947521,40
5.77489360353981,0,0.773731570439198,2.4374086774834,0.54941623730006,-0.797940468777084,40
2.33788111142038,1,-1.0150110216922,0.896735945330241,1.37397292805614,0.94374622316938,40
0.28420242776671,0,-1.60033795332058,-1.85856992421266,-0.804085168932195,2.25647360866907,40
4.11635664826319,1,0.381567289175735,2.51029810245734,-0.00217716700404186,-0.0230913239579958,40
6.38860643548572,0,1.70689297763971,1.38634969650061,0.584974693589559,0.276541943392447,40
0.0252163066510018,1,0.357703977316482,-0.839537329176116,-0.727861501776515,-0.323656186478079,40
0.792999430520585,0,-1.85511521221042,0.275133164047904,0.0702901791405182,1.02617999732297,40
-1.16045963873516,1,1.03777576194614,0.521998342327363,-0.380391332567887,-1.09409331276257,40
-3.79159706737093,0,-0.782175997732392,-0.733826963827456,-1.55737780601153,-0.0390184988925559,40
0.503214117040927,0,-0.908902122051097,-1.26254631726206,-0.166392221340694,-0.125171641489803,40
3.47968294028905,0,0.527287907024204,0.190827764722138,0.990622568967451,0.206492138134603,40
2.89234598761105,1,0.718291670733284,0.108687354988202,-0.0386480791856754,0.251172127004775,40
-0.404841134115454,0,0.928388080822927,-2.5578698753158,0.23697180726517,0.455192811661225,40
0.813571598149287,1,-0.882548728873484,-0.968632792677158,0.836667639926929,1.90927523424017,40
2.66168272496582,1,1.60523376966444,-0.989743407073345,-0.50288973149229,0.566682693520893,40
1.73703254505879,1,2.32730404785149,-2.01246974176085,1.10244021351898,-0.496403598657989,40
-0.0383281110468321,1,0.137987977536564,-0.352185367895508,0.834326572888338,0.0789789804289509,40
2.10899871498596,1,-0.678628509546652,0.431720601696146,1.72639692977142,-0.070194895821042,40
1.45575801609895,0,-0.563883596940204,-0.810115730358504,2.16637120287255,-1.94856416804584,40
1.57748363099947,1,0.967075179524754,0.560273566059277,-0.047230589191316,-0.0831720852486428,40
-1.15093674054437,1,-1.16782432545828,-0.569818722432317,-0.289086964537273,-0.137628635971008,40
